Protocollo;Gruppo;DataOraIncidente;Localizzazione1;STRADA1;Localizzazione2;STRADA2;Strada02;Chilometrica;DaSpecificare;NaturaIncidente;particolaritastrade;TipoStrada;FondoStradale;Pavimentazione;Segnaletica;CondizioneAtmosferica;Traffico;Visibilita;Illuminazione;NUM_FERITI;NUM_RISERVATA;NUM_MORTI;NUM_ILLESI;Longitudine;Latitudine;Confermato;Progressivo;TipoVeicolo;StatoVeicolo;TipoPersona;Sesso;Tipolesione;Deceduto;DecedutoDopo;CinturaCascoUtilizzato;Airbag
1790314;20;03/02/2009 15:00;Provinciale entro l'abitato;VIA TIBERINA;in prossimità;;del civico n. ;135;;Tamponamento Multiplo;Rettilineo;Una carreggiata a doppio senso;Bagnato (pioggia);Asfaltata;Assente;Pioggia in atto;Normale;Sufficiente;Ore Diurne;1;0;0;3;;;-1;1;Autocarro inferiore 35 q.;In marcia / fermata / arresto;Passeggero;M;Illeso;0;;Non accertato;Inesistente
1790314;20;03/02/2009 15:00;Provinciale entro l'abitato;VIA TIBERINA;in prossimità;;del civico n. ;135;;Tamponamento Multiplo;Rettilineo;Una carreggiata a doppio senso;Bagnato (pioggia);Asfaltata;Assente;Pioggia in atto;Normale;Sufficiente;Ore Diurne;1;0;0;3;;;-1;2;Autovettura privata;In marcia / fermata / arresto;Conducente;M;Rimandato;0;NON DECEDUTO;Non accertato;Inesistente
1790314;20;03/02/2009 15:00;Provinciale entro l'abitato;VIA TIBERINA;in prossimità;;del civico n. ;135;;Tamponamento Multiplo;Rettilineo;Una carreggiata a doppio senso;Bagnato (pioggia);Asfaltata;Assente;Pioggia in atto;Normale;Sufficiente;Ore Diurne;1;0;0;3;;;-1;3;Autovettura privata;In marcia / fermata / arresto;Conducente;M;Illeso;0;;Non accertato;Inesistente
1790315;20;03/02/2009 18:40;Strada Urbana;CORSO DI FRANCIA;da specificare;;;;30 mt. prima di via Severini;Veicolo in marcia contro ostacolo fisso;Rettilineo;Due carreggiate;Bagnato (umidità in atto);Asfaltata;Orizzontale;Nuvoloso;Normale;Buona;Sufficiente;1;0;0;0;;;-1;1;Motociclo a solo;In marcia / fermata / arresto;Conducente;M;Rifiuta cure immediate;0;NON DECEDUTO;Non accertato;Inesistente
1790316;20;03/02/2009 18:50;Statale entro l'abitato;VIA CASSIA;in prossimità;;del civico n. ;950;;Infortunio per sola frenata improvvisa;Rettilineo;Una carreggiata a doppio senso;Bagnato (pioggia);Asfaltata;Verticale ed orizzontale;Nuvoloso;Normale;Sufficiente;Sufficiente;0;0;0;2;;;-1;1;Autovettura privata;In marcia / fermata / arresto;Conducente;F;Illeso;0;;Non accertato;Inesistente
1790316;20;03/02/2009 18:50;Statale entro l'abitato;VIA CASSIA;in prossimità;;del civico n. ;950;;Infortunio per sola frenata improvvisa;Rettilineo;Una carreggiata a doppio senso;Bagnato (pioggia);Asfaltata;Verticale ed orizzontale;Nuvoloso;Normale;Sufficiente;Sufficiente;0;0;0;2;;;-1;2;Motociclo a solo;In marcia / fermata / arresto;Conducente;M;Illeso;0;;Non accertato;Inesistente
1790317;20;03/02/2009 21:45;Strada Urbana;VIA SALARIA;in prossimità;;del civico n. ;1021;;Tamponamento;Rettilineo;Due carreggiate;Asciutto;Asfaltata;Verticale ed orizzontale;Nuvoloso;Scarso;Buona;Sufficiente;1;0;0;3;;;-1;1;Autovettura privata;In marcia / fermata / arresto;Conducente;M;Illeso;0;;Non accertato;Inesistente
1790317;20;03/02/2009 21:45;Strada Urbana;VIA SALARIA;in prossimità;;del civico n. ;1021;;Tamponamento;Rettilineo;Due carreggiate;Asciutto;Asfaltata;Verticale ed orizzontale;Nuvoloso;Scarso;Buona;Sufficiente;1;0;0;3;;;-1;1;Autovettura privata;In marcia / fermata / arresto;Passeggero;F;Illeso;0;;Non accertato;Inesistente
1790317;20;03/02/2009 21:45;Strada Urbana;VIA SALARIA;in prossimità;;del civico n. ;1021;;Tamponamento;Rettilineo;Due carreggiate;Asciutto;Asfaltata;Verticale ed orizzontale;Nuvoloso;Scarso;Buona;Sufficiente;1;0;0;3;;;-1;1;Autovettura privata;In marcia / fermata / arresto;Passeggero;M;Illeso;0;;Non accertato;Inesistente
1790317;20;03/02/2009 21:45;Strada Urbana;VIA SALARIA;in prossimità;;del civico n. ;1021;;Tamponamento;Rettilineo;Due carreggiate;Asciutto;Asfaltata;Verticale ed orizzontale;Nuvoloso;Scarso;Buona;Sufficiente;1;0;0;3;;;-1;2;Autovettura privata;In marcia / fermata / arresto;Conducente;M;Rimandato;0;NON DECEDUTO;Non accertato;Inesistente
1790318;20;04/02/2009 16:00;Strada Urbana;VIA VILFREDO PARETO;in prossimità;;del palo luce n. ;13;;Scontro frontale fra veicoli in marcia;Curva senza visuale libera;Una carreggiata a doppio senso;Bagnato (umidità in atto);Asfaltata;Orizzontale;Nuvoloso;Intenso;Sufficiente;Ore Diurne;3;0;0;0;;;-1;1;Autovettura privata;In marcia / fermata / arresto;Conducente;F;Rimandato;0;NON DECEDUTO;Non accertato;Inesploso
1790318;20;04/02/2009 16:00;Strada Urbana;VIA VILFREDO PARETO;in prossimità;;del palo luce n. ;13;;Scontro frontale fra veicoli in marcia;Curva senza visuale libera;Una carreggiata a doppio senso;Bagnato (umidità in atto);Asfaltata;Orizzontale;Nuvoloso;Intenso;Sufficiente;Ore Diurne;3;0;0;0;;;-1;2;Autovettura privata;In marcia / fermata / arresto;Conducente;M;Rimandato;0;NON DECEDUTO;Non accertato;Esploso
1790318;20;04/02/2009 16:00;Strada Urbana;VIA VILFREDO PARETO;in prossimità;;del palo luce n. ;13;;Scontro frontale fra veicoli in marcia;Curva senza visuale libera;Una carreggiata a doppio senso;Bagnato (umidità in atto);Asfaltata;Orizzontale;Nuvoloso;Intenso;Sufficiente;Ore Diurne;3;0;0;0;;;-1;2;Autovettura privata;In marcia / fermata / arresto;Passeggero;M;Rimandato;0;NON DECEDUTO;Non accertato;Inesistente
1790319;20;04/02/2009 17:15;Strada Urbana;VIA JONAS EDWARD SALK;da specificare;;;;al civ 80  all' interno Deposito giudiziario;Veicolo in marcia contro veicolo fermo;Rettilineo;Una carreggiata a doppio senso;Bagnato (pioggia);Sterrata;Assente;Nuvoloso;Scarso;Sufficiente;Ore Diurne;0;0;0;3;;;-1;1;Autovettura privata;In marcia / fermata / arresto;Conducente;M;Illeso;0;;Non accertato;Inesploso
1790319;20;04/02/2009 17:15;Strada Urbana;VIA JONAS EDWARD SALK;da specificare;;;;al civ 80  all' interno Deposito giudiziario;Veicolo in marcia contro veicolo fermo;Rettilineo;Una carreggiata a doppio senso;Bagnato (pioggia);Sterrata;Assente;Nuvoloso;Scarso;Sufficiente;Ore Diurne;0;0;0;3;;;-1;1;Autovettura privata;In marcia / fermata / arresto;Passeggero;M;Illeso;0;;Non accertato;Inesploso
1790319;20;04/02/2009 17:15;Strada Urbana;VIA JONAS EDWARD SALK;da specificare;;;;al civ 80  all' interno Deposito giudiziario;Veicolo in marcia contro veicolo fermo;Rettilineo;Una carreggiata a doppio senso;Bagnato (pioggia);Sterrata;Assente;Nuvoloso;Scarso;Sufficiente;Ore Diurne;0;0;0;3;;;-1;2;Autovettura privata;Sosta;Passeggero;M;Illeso;0;;Non accertato;Inesistente
1790320;20;04/02/2009 18:00;Strada Urbana;VIALE DI TOR DI QUINTO;da specificare;;;;sottovia di Corso di Francia;Tamponamento Multiplo;Rettilineo;Una carreggiata a doppio senso;Asciutto;Asfaltata;Verticale ed orizzontale;Nuvoloso;Normale;Buona;Sufficiente;0;0;0;6;;;-1;1;Autovettura privata;In marcia / fermata / arresto;Conducente;M;Illeso;0;;Non accertato;Inesploso
1790320;20;04/02/2009 18:00;Strada Urbana;VIALE DI TOR DI QUINTO;da specificare;;;;sottovia di Corso di Francia;Tamponamento Multiplo;Rettilineo;Una carreggiata a doppio senso;Asciutto;Asfaltata;Verticale ed orizzontale;Nuvoloso;Normale;Buona;Sufficiente;0;0;0;6;;;-1;2;Autocarro inferiore 35 q.;In marcia / fermata / arresto;Conducente;M;Illeso;0;;Non accertato;Inesploso
1790320;20;04/02/2009 18:00;Strada Urbana;VIALE DI TOR DI QUINTO;da specificare;;;;sottovia di Corso di Francia;Tamponamento Multiplo;Rettilineo;Una carreggiata a doppio senso;Asciutto;Asfaltata;Verticale ed orizzontale;Nuvoloso;Normale;Buona;Sufficiente;0;0;0;6;;;-1;2;Autocarro inferiore 35 q.;In marcia / fermata / arresto;Passeggero;M;Illeso;0;;Non accertato;Inesploso
1790320;20;04/02/2009 18:00;Strada Urbana;VIALE DI TOR DI QUINTO;da specificare;;;;sottovia di Corso di Francia;Tamponamento Multiplo;Rettilineo;Una carreggiata a doppio senso;Asciutto;Asfaltata;Verticale ed orizzontale;Nuvoloso;Normale;Buona;Sufficiente;0;0;0;6;;;-1;3;Autovettura privata;In marcia / fermata / arresto;Conducente;F;Illeso;0;;Non accertato;Inesploso
1790320;20;04/02/2009 18:00;Strada Urbana;VIALE DI TOR DI QUINTO;da specificare;;;;sottovia di Corso di Francia;Tamponamento Multiplo;Rettilineo;Una carreggiata a doppio senso;Asciutto;Asfaltata;Verticale ed orizzontale;Nuvoloso;Normale;Buona;Sufficiente;0;0;0;6;;;-1;4;Autovettura privata;In marcia / fermata / arresto;Conducente;M;Illeso;0;;Non accertato;Inesploso
1790320;20;04/02/2009 18:00;Strada Urbana;VIALE DI TOR DI QUINTO;da specificare;;;;sottovia di Corso di Francia;Tamponamento Multiplo;Rettilineo;Una carreggiata a doppio senso;Asciutto;Asfaltata;Verticale ed orizzontale;Nuvoloso;Normale;Buona;Sufficiente;0;0;0;6;;;-1;5;Autovettura privata;In marcia / fermata / arresto;Conducente;M;Illeso;0;;Non accertato;Inesploso
1790321;20;04/02/2009 19:30;Strada Urbana;VIA TENUTA PICCIRILLI;da specificare;;;;prossimità via compigni;Veicolo in marcia contro ostacolo fisso;Rettilineo;Una carreggiata a doppio senso;Bagnato (pioggia);Asfaltata;Assente;Nuvoloso;Scarso;Sufficiente;Sufficiente;0;0;0;1;;;-1;1;Autovettura privata;In marcia / fermata / arresto;Conducente;M;Illeso;0;;Non accertato;Inesploso
1790322;20;04/02/2009 21:00;Strada Urbana;VIALE DI TOR DI QUINTO;in prossimità;;del palo luce n. ;23;;Scontro frontale fra veicoli in marcia;Rettilineo;Una carreggiata a doppio senso;Bagnato (pioggia);Asfaltata;Verticale ed orizzontale;Pioggia in atto;Normale;Buona;Ore Diurne;1;0;0;3;;;-1;1;Autovettura privata;In marcia / fermata / arresto;Conducente;M;Illeso;0;;Non accertato;Inesploso
1790322;20;04/02/2009 21:00;Strada Urbana;VIALE DI TOR DI QUINTO;in prossimità;;del palo luce n. ;23;;Scontro frontale fra veicoli in marcia;Rettilineo;Una carreggiata a doppio senso;Bagnato (pioggia);Asfaltata;Verticale ed orizzontale;Pioggia in atto;Normale;Buona;Ore Diurne;1;0;0;3;;;-1;2;Autovettura privata;In marcia / fermata / arresto;Conducente;F;Illeso;0;;Non accertato;Inesploso
1790322;20;04/02/2009 21:00;Strada Urbana;VIALE DI TOR DI QUINTO;in prossimità;;del palo luce n. ;23;;Scontro frontale fra veicoli in marcia;Rettilineo;Una carreggiata a doppio senso;Bagnato (pioggia);Asfaltata;Verticale ed orizzontale;Pioggia in atto;Normale;Buona;Ore Diurne;1;0;0;3;;;-1;2;Autovettura privata;In marcia / fermata / arresto;Passeggero;M;Illeso;0;;Non accertato;Inesploso
1790322;20;04/02/2009 21:00;Strada Urbana;VIALE DI TOR DI QUINTO;in prossimità;;del palo luce n. ;23;;Scontro frontale fra veicoli in marcia;Rettilineo;Una carreggiata a doppio senso;Bagnato (pioggia);Asfaltata;Verticale ed orizzontale;Pioggia in atto;Normale;Buona;Ore Diurne;1;0;0;3;;;-1;3;Motociclo a solo;In marcia / fermata / arresto;Conducente;M;Ricoverato;0;NON DECEDUTO;Non accertato;Inesistente
1790323;20;05/02/2009 10:45;Strada Urbana;VIA DEL FORO ITALICO;da specificare;;;;altezza galleria Farnesina dir. Stadio Olimpico;Tamponamento;Galleria illuminata;Una carreggiata a senso unico di marcia;Asciutto;Asfaltata;Verticale ed orizzontale;Sereno;Intenso;Buona;Ore Diurne;0;0;0;3;;;-1;1;Autovettura pubblica;In marcia / fermata / arresto;Conducente;F;Illeso;0;;Non accertato;Inesploso
1790323;20;05/02/2009 10:45;Strada Urbana;VIA DEL FORO ITALICO;da specificare;;;;altezza galleria Farnesina dir. Stadio Olimpico;Tamponamento;Galleria illuminata;Una carreggiata a senso unico di marcia;Asciutto;Asfaltata;Verticale ed orizzontale;Sereno;Intenso;Buona;Ore Diurne;0;0;0;3;;;-1;1;Autovettura pubblica;In marcia / fermata / arresto;Passeggero;F;Illeso;0;;Non accertato;Inesistente
1790323;20;05/02/2009 10:45;Strada Urbana;VIA DEL FORO ITALICO;da specificare;;;;altezza galleria Farnesina dir. Stadio Olimpico;Tamponamento;Galleria illuminata;Una carreggiata a senso unico di marcia;Asciutto;Asfaltata;Verticale ed orizzontale;Sereno;Intenso;Buona;Ore Diurne;0;0;0;3;;;-1;2;Autovettura privata;In marcia / fermata / arresto;Conducente;F;Illeso;0;;Non accertato;Inesploso
1790324;20;05/02/2009 12:10;Strada Urbana;VIA DEGLI ORTI DELLA FARNESINA;in prossimità;;del civico n. ;109;;Scontro laterale fra veicoli in marcia;Rettilineo;Una carreggiata a doppio senso;Asciutto;Asfaltata;Verticale ed orizzontale;Sereno;Normale;Buona;Ore Diurne;0;0;0;4;;;-1;1;Autocarro inferiore 35 q.;In marcia / fermata / arresto;Conducente;M;Illeso;0;;Non accertato;Inesploso
1790324;20;05/02/2009 12:10;Strada Urbana;VIA DEGLI ORTI DELLA FARNESINA;in prossimità;;del civico n. ;109;;Scontro laterale fra veicoli in marcia;Rettilineo;Una carreggiata a doppio senso;Asciutto;Asfaltata;Verticale ed orizzontale;Sereno;Normale;Buona;Ore Diurne;0;0;0;4;;;-1;1;Autocarro inferiore 35 q.;In marcia / fermata / arresto;Passeggero;M;Illeso;0;;Non accertato;Inesploso
1790324;20;05/02/2009 12:10;Strada Urbana;VIA DEGLI ORTI DELLA FARNESINA;in prossimità;;del civico n. ;109;;Scontro laterale fra veicoli in marcia;Rettilineo;Una carreggiata a doppio senso;Asciutto;Asfaltata;Verticale ed orizzontale;Sereno;Normale;Buona;Ore Diurne;0;0;0;4;;;-1;2;Autovettura privata;In marcia / fermata / arresto;Conducente;M;Illeso;0;;Non accertato;Inesploso
1790324;20;05/02/2009 12:10;Strada Urbana;VIA DEGLI ORTI DELLA FARNESINA;in prossimità;;del civico n. ;109;;Scontro laterale fra veicoli in marcia;Rettilineo;Una carreggiata a doppio senso;Asciutto;Asfaltata;Verticale ed orizzontale;Sereno;Normale;Buona;Ore Diurne;0;0;0;4;;;-1;2;Autovettura privata;In marcia / fermata / arresto;Passeggero;M;Illeso;0;;Non accertato;Inesistente
1790325;20;05/02/2009 13:15;Strada Urbana;LUNGOTEVERE MARESCIALLO DIAZ;da specificare;;;;prossimità piazza l. de bosis;Scontro laterale fra veicoli in marcia;Rettilineo;Due carreggiate;Asciutto;Asfaltata;Orizzontale;Nuvoloso;Normale;Buona;Ore Diurne;1;0;0;0;;;-1;1;Motociclo a solo;In marcia / fermata / arresto;Conducente;F;Ricoverato;0;NON DECEDUTO;Non accertato;Inesistente
1790326;20;05/02/2009 15:00;Statale entro l'abitato;VIA FLAMINIA;in prossimità;;del civico n. ;515;;Scontro frontale/laterale DX fra veicoli in marcia;Curva a visuale libera;Una carreggiata a senso unico di marcia;Asciutto;Asfaltata;Orizzontale;Sereno;Scarso;Buona;Ore Diurne;0;0;0;2;;;-1;1;Ciclomotore;In marcia / fermata / arresto;Conducente;F;Illeso;0;;Non accertato;Inesistente
1790326;20;05/02/2009 15:00;Statale entro l'abitato;VIA FLAMINIA;in prossimità;;del civico n. ;515;;Scontro frontale/laterale DX fra veicoli in marcia;Curva a visuale libera;Una carreggiata a senso unico di marcia;Asciutto;Asfaltata;Orizzontale;Sereno;Scarso;Buona;Ore Diurne;0;0;0;2;;;-1;2;Autovettura privata;In marcia / fermata / arresto;Conducente;M;Illeso;0;;Non accertato;Inesploso
1790327;20;05/02/2009 15:45;Strada Urbana;VIA FLAMINIA NUOVA;in corrispondenza;;del civico n. ;276;;Veicolo in marcia contro veicolo fermo;Rettilineo;Una carreggiata a doppio senso;Asciutto;Asfaltata;Verticale ed orizzontale;Sereno;Normale;Buona;Ore Diurne;1;0;0;1;;;-1;1;Autovettura privata;In marcia / fermata / arresto;Conducente;M;Rimandato;0;NON DECEDUTO;Non accertato;Inesistente
1790327;20;05/02/2009 15:45;Strada Urbana;VIA FLAMINIA NUOVA;in corrispondenza;;del civico n. ;276;;Veicolo in marcia contro veicolo fermo;Rettilineo;Una carreggiata a doppio senso;Asciutto;Asfaltata;Verticale ed orizzontale;Sereno;Normale;Buona;Ore Diurne;1;0;0;1;;;-1;2;Autocarro superiore 35 q.;In marcia / fermata / arresto;Conducente;M;Illeso;0;;Non accertato;Inesistente
1790328;20;06/02/2009 09:10;Statale entro l'abitato;VIA CASSIA;all'intersezione con;VIA DEI DUE PONTI;VIA DEI DUE PONTI;;;Tamponamento;Intersezione semaforizzata;Una carreggiata a doppio senso;Bagnato (umidità in atto);Asfaltata;Verticale ed orizzontale;Nuvoloso;Normale;Buona;Ore Diurne;0;0;0;3;;;-1;1;Autovettura privata;In marcia / fermata / arresto;Conducente;M;Illeso;0;;Non accertato;Inesploso
1790328;20;06/02/2009 09:10;Statale entro l'abitato;VIA CASSIA;all'intersezione con;VIA DEI DUE PONTI;VIA DEI DUE PONTI;;;Tamponamento;Intersezione semaforizzata;Una carreggiata a doppio senso;Bagnato (umidità in atto);Asfaltata;Verticale ed orizzontale;Nuvoloso;Normale;Buona;Ore Diurne;0;0;0;3;;;-1;2;Autovettura privata;In marcia / fermata / arresto;Conducente;M;Illeso;0;;Non accertato;Inesploso
1790328;20;06/02/2009 09:10;Statale entro l'abitato;VIA CASSIA;all'intersezione con;VIA DEI DUE PONTI;VIA DEI DUE PONTI;;;Tamponamento;Intersezione semaforizzata;Una carreggiata a doppio senso;Bagnato (umidità in atto);Asfaltata;Verticale ed orizzontale;Nuvoloso;Normale;Buona;Ore Diurne;0;0;0;3;;;-1;2;Autovettura privata;In marcia / fermata / arresto;Passeggero;F;Illeso;0;;Non accertato;Inesploso
1790329;20;06/02/2009 18:00;Strada Urbana;VIA DI GROTTAROSSA;in corrispondenza;;del civico n. ;207;;Investimento di pedone;Rettilineo;Una carreggiata a doppio senso;Bagnato (pioggia);Asfaltata;Verticale;Nuvoloso;Intenso;Buona;Sufficiente;1;0;0;1;;;-1;;;;Pedone;M;Ricoverato;0;NON DECEDUTO;;
1790329;20;06/02/2009 18:00;Strada Urbana;VIA DI GROTTAROSSA;in corrispondenza;;del civico n. ;207;;Investimento di pedone;Rettilineo;Una carreggiata a doppio senso;Bagnato (pioggia);Asfaltata;Verticale;Nuvoloso;Intenso;Buona;Sufficiente;1;0;0;1;;;-1;1;Autovettura privata;In marcia / fermata / arresto;Conducente;M;Illeso;0;;Non accertato;Inesploso
1790330;20;06/02/2009 22:00;Strada Urbana;VIA CASSIA;all'intersezione con;VIA VIBIO MARIANO;VIA VIBIO MARIANO;;;Scontro frontale fra veicoli in marcia;Incrocio;Una carreggiata a doppio senso;Bagnato (umidità in atto);Asfaltata;Verticale ed orizzontale;Nuvoloso;Normale;Buona;Sufficiente;0;0;0;3;;;-1;1;Autovettura privata;In marcia / fermata / arresto;Conducente;M;Illeso;0;;Non accertato;Inesploso
1790330;20;06/02/2009 22:00;Strada Urbana;VIA CASSIA;all'intersezione con;VIA VIBIO MARIANO;VIA VIBIO MARIANO;;;Scontro frontale fra veicoli in marcia;Incrocio;Una carreggiata a doppio senso;Bagnato (umidità in atto);Asfaltata;Verticale ed orizzontale;Nuvoloso;Normale;Buona;Sufficiente;0;0;0;3;;;-1;1;Autovettura privata;In marcia / fermata / arresto;Passeggero;M;Illeso;0;;Non accertato;Inesistente
1790330;20;06/02/2009 22:00;Strada Urbana;VIA CASSIA;all'intersezione con;VIA VIBIO MARIANO;VIA VIBIO MARIANO;;;Scontro frontale fra veicoli in marcia;Incrocio;Una carreggiata a doppio senso;Bagnato (umidità in atto);Asfaltata;Verticale ed orizzontale;Nuvoloso;Normale;Buona;Sufficiente;0;0;0;3;;;-1;2;Autovettura privata;In marcia / fermata / arresto;Conducente;M;Illeso;0;;Non accertato;Inesistente
1790331;20;07/02/2009 01:45;Strada Urbana;Tangenziale Est;da specificare;;;;cavalcavia svincolo A24;Veicolo in marcia contro veicolo fermo;Rettilineo;Una carreggiata a senso unico di marcia;Asciutto;Asfaltata;Orizzontale;Sereno;Normale;Buona;Sufficiente;0;0;0;2;;;-1;1;Autovettura privata;In marcia / fermata / arresto;Conducente;M;Illeso;0;;Non accertato;Inesistente
1790331;20;07/02/2009 01:45;Strada Urbana;Tangenziale Est;da specificare;;;;cavalcavia svincolo A24;Veicolo in marcia contro veicolo fermo;Rettilineo;Una carreggiata a senso unico di marcia;Asciutto;Asfaltata;Orizzontale;Sereno;Normale;Buona;Sufficiente;0;0;0;2;;;-1;2;Autovettura privata;In marcia / fermata / arresto;Conducente;M;Illeso;0;;Non accertato;Inesistente
1790342;6;05/02/2009 16:30;Strada Urbana;VIA DI ACQUA BULLICANTE;all'intersezione con;VIA TEANO;VIA TEANO;;;Scontro laterale fra veicoli in marcia;Incrocio;Una carreggiata a doppio senso;Asciutto;Asfaltata;Verticale ed orizzontale;Nuvoloso;Normale;Buona;Ore Diurne;1;0;0;1;;;-1;1;Autovettura privata;In marcia / fermata / arresto;Conducente;F;Illeso;0;;Non accertato;Inesistente
1790342;6;05/02/2009 16:30;Strada Urbana;VIA DI ACQUA BULLICANTE;all'intersezione con;VIA TEANO;VIA TEANO;;;Scontro laterale fra veicoli in marcia;Incrocio;Una carreggiata a doppio senso;Asciutto;Asfaltata;Verticale ed orizzontale;Nuvoloso;Normale;Buona;Ore Diurne;1;0;0;1;;;-1;2;Motociclo con passeggero;In marcia / fermata / arresto;Conducente;F;Rifiuta cure immediate;0;NON DECEDUTO;Non accertato;Inesistente
1790343;7;05/02/2009 10:05;Strada Urbana;VIALE PALMIRO TOGLIATTI;all'intersezione con;VIA DEI MELI;VIA DEI MELI;;;Scontro laterale fra veicoli in marcia;Intersezione semaforizzata;Due carreggiate;Asciutto;Asfaltata;Verticale ed orizzontale;Sereno;Normale;Buona;Ore Diurne;0;0;0;3;;;-1;1;Autocarro inferiore 35 q.;In marcia / fermata / arresto;Conducente;M;Illeso;0;;Non accertato;Inesploso
1790343;7;05/02/2009 10:05;Strada Urbana;VIALE PALMIRO TOGLIATTI;all'intersezione con;VIA DEI MELI;VIA DEI MELI;;;Scontro laterale fra veicoli in marcia;Intersezione semaforizzata;Due carreggiate;Asciutto;Asfaltata;Verticale ed orizzontale;Sereno;Normale;Buona;Ore Diurne;0;0;0;3;;;-1;1;Autocarro inferiore 35 q.;In marcia / fermata / arresto;Passeggero;M;Illeso;0;;Non accertato;Inesploso
1790343;7;05/02/2009 10:05;Strada Urbana;VIALE PALMIRO TOGLIATTI;all'intersezione con;VIA DEI MELI;VIA DEI MELI;;;Scontro laterale fra veicoli in marcia;Intersezione semaforizzata;Due carreggiate;Asciutto;Asfaltata;Verticale ed orizzontale;Sereno;Normale;Buona;Ore Diurne;0;0;0;3;;;-1;2;Autovettura privata;In marcia / fermata / arresto;Conducente;M;Illeso;0;;Non accertato;Inesploso
1790344;7;05/02/2009 11:50;Strada Urbana;VIA DEI GELSI;all'intersezione con;VIA DEI GINEPRI;VIA DEI GINEPRI;;;Scontro frontale fra veicoli in marcia;Incrocio;Una carreggiata a doppio senso;Asciutto;Asfaltata;Verticale ed orizzontale;Nuvoloso;Normale;Buona;Ore Diurne;1;0;0;1;;;-1;1;Motociclo a solo;In marcia / fermata / arresto;Conducente;M;Rimandato;0;NON DECEDUTO;Non accertato;Inesistente
1790344;7;05/02/2009 11:50;Strada Urbana;VIA DEI GELSI;all'intersezione con;VIA DEI GINEPRI;VIA DEI GINEPRI;;;Scontro frontale fra veicoli in marcia;Incrocio;Una carreggiata a doppio senso;Asciutto;Asfaltata;Verticale ed orizzontale;Nuvoloso;Normale;Buona;Ore Diurne;1;0;0;1;;;-1;2;Autovettura privata;In marcia / fermata / arresto;Conducente;M;Illeso;0;;Non accertato;Inesistente
1790345;7;05/02/2009 17:15;Strada Urbana;VIALE PALMIRO TOGLIATTI;all'intersezione con;VIA ANTONIO SEBASTIANI;VIA ANTONIO SEBASTIANI;;;Tamponamento;Incrocio;Due carreggiate;Asciutto;Asfaltata;Verticale ed orizzontale;Nuvoloso;Normale;Buona;Ore Diurne;0;0;0;2;;;-1;2;Autovettura privata;In marcia / fermata / arresto;Conducente;M;Illeso;0;;Non accertato;Inesistente
1790345;7;05/02/2009 17:15;Strada Urbana;VIALE PALMIRO TOGLIATTI;all'intersezione con;VIA ANTONIO SEBASTIANI;VIA ANTONIO SEBASTIANI;;;Tamponamento;Incrocio;Due carreggiate;Asciutto;Asfaltata;Verticale ed orizzontale;Nuvoloso;Normale;Buona;Ore Diurne;0;0;0;2;;;-1;2;Autovettura privata;In marcia / fermata / arresto;Passeggero;M;Illeso;0;;Non accertato;Inesploso
1790346;7;05/02/2009 18:45;Strada Urbana;VIA FILIPPO PARLATORE;all'intersezione con;VIA FEDERICO DELPINO;VIA FEDERICO DELPINO;;;Scontro frontale/laterale DX fra veicoli in marcia;Incrocio;Due carreggiate;Asciutto;Asfaltata;Verticale ed orizzontale;Nuvoloso;Normale;Buona;Sufficiente;1;0;0;1;;;-1;1;Autovettura privata;In marcia / fermata / arresto;Conducente;F;Illeso;0;;Non accertato;Inesistente
1790346;7;05/02/2009 18:45;Strada Urbana;VIA FILIPPO PARLATORE;all'intersezione con;VIA FEDERICO DELPINO;VIA FEDERICO DELPINO;;;Scontro frontale/laterale DX fra veicoli in marcia;Incrocio;Due carreggiate;Asciutto;Asfaltata;Verticale ed orizzontale;Nuvoloso;Normale;Buona;Sufficiente;1;0;0;1;;;-1;2;Autocarro inferiore 35 q.;In marcia / fermata / arresto;Conducente;M;Rimandato;0;NON DECEDUTO;Non accertato;Inesistente
1790347;7;06/02/2009 14:00;Provinciale entro l'abitato;VIA PRENESTINA;all'intersezione con;VIALE PALMIRO TOGLIATTI;VIALE PALMIRO TOGLIATTI;;;Scontro laterale fra veicoli in marcia;Intersezione semaforizzata;Una carreggiata a doppio senso;Bagnato (pioggia);Asfaltata;Verticale ed orizzontale;Pioggia in atto;Normale;Buona;Ore Diurne;0;0;0;3;;;-1;1;Motociclo a solo;In marcia / fermata / arresto;Conducente;M;Illeso;0;;Utilizzato;Inesistente
1790347;7;06/02/2009 14:00;Provinciale entro l'abitato;VIA PRENESTINA;all'intersezione con;VIALE PALMIRO TOGLIATTI;VIALE PALMIRO TOGLIATTI;;;Scontro laterale fra veicoli in marcia;Intersezione semaforizzata;Una carreggiata a doppio senso;Bagnato (pioggia);Asfaltata;Verticale ed orizzontale;Pioggia in atto;Normale;Buona;Ore Diurne;0;0;0;3;;;-1;2;Autovettura privata;In marcia / fermata / arresto;Conducente;M;Illeso;0;;Non accertato;Inesploso